2025-11-27T22:52:22.430237900Z,P1_ylbp,r0038,T1_filter,,success,4,200,on
2025-11-27T22:53:06.023973900Z,P1_ylbp,r0039,T3_add,,success,1,200,on
2025-11-27T22:53:18.645634700Z,P1_ylbp,r0040,T2_edit,,success,1,200,on
2025-11-27T22:53:33.204739Z,P1_ylbp,r0041,T3_add,,success,1,200,on
2025-11-27T22:53:54.337104700Z,P1_ylbp,r0042,T4_delete,,success,1,200,on
2025-11-27T23:05:05.711174100Z,P2_k6a5,r0006,T3_add,,success,1,200,on
2025-11-27T23:05:20.245185500Z,P2_k6a5,r0007,T2_edit,,success,1,200,on
2025-11-27T23:05:26.864545100Z,P2_k6a5,r0008,T1_filter,,success,9,200,off
2025-11-27T23:05:29.062386100Z,P2_k6a5,r0009,T4_delete,,success,0,200,on
2025-11-27T23:05:29.072498500Z,P2_k6a5,r0010,T0_list,,success,7,200,on
2025-11-27T23:05:44.303757800Z,P2_k6a5,r0011,T4_delete,,success,0,200,on
2025-11-27T23:05:44.314055900Z,P2_k6a5,r0012,T0_list,,success,7,200,on
2025-11-27T23:10:08.272278Z,P3_6rxi,r0013,T0_list,,success,6,200,off
2025-11-27T23:10:20.065458Z,P3_6rxi,r0014,T3_add,,success,1,200,off
2025-11-27T23:10:20.074742300Z,P3_6rxi,r0015,T0_list,,success,6,200,off
2025-11-27T23:11:08.469340100Z,P3_6rxi,r0016,T1_filter,,success,8,200,off
2025-11-27T23:11:25.828881600Z,P3_6rxi,r0017,T3_add,blank_title,validation_error,0,400,off
2025-11-27T23:11:25.828881600Z,P3_6rxi,r0017,T3_add,,success,1,200,off
2025-11-27T23:11:25.838266300Z,P3_6rxi,r0018,T0_list,,success,6,200,off
2025-11-27T23:11:38.433700900Z,P3_6rxi,r0019,T2_edit,,success,0,200,off
2025-11-27T23:11:38.443249200Z,P3_6rxi,r0020,T0_list,,success,7,200,off
2025-11-27T23:11:42.072492300Z,P3_6rxi,r0021,T4_delete,,success,0,200,off
2025-11-27T23:11:42.081730800Z,P3_6rxi,r0022,T0_list,,success,5,200,off
2025-11-27T23:13:32.926466100Z,P3_6rxi,r0023,T0_list,,success,6,200,off
2025-11-27T23:16:17.155414400Z,P4_q3v8,r0024,T0_list,,success,8,200,off
2025-11-27T23:16:26.500103800Z,P4_q3v8,r0025,T3_add,,success,1,200,on
2025-11-27T23:16:38.664968500Z,P4_q3v8,r0026,T2_edit,,success,1,200,on
2025-11-27T23:17:04.777404300Z,P4_q3v8,r0027,T4_delete,,success,0,200,on
2025-11-27T23:17:30.099679200Z,P4_q3v8,r0028,T1_filter,,success,5,200,off
2025-11-27T23:18:14.820953600Z,P4_q3v8,r0029,T1_filter,,success,5,200,off
2025-11-27T23:18:53.429071400Z,P4_q3v8,r0030,T3_add,blank_title,validation_error,0,400,on
2025-11-27T23:18:53.430488300Z,P4_q3v8,r0030,T3_add,,success,1,200,on
